id,label
id-00000,true
id-00001,true
id-00002,true
id-00003,true
id-00004,true
id-00005,true
id-00006,false
id-00007,false
id-00008,true
id-00009,false
id-00010,true
id-00011,false
id-00012,true
id-00013,true
id-00014,false
id-00015,false
id-00016,false
id-00017,true
id-00018,true
id-00019,false
id-00020,false
id-00021,false
id-00022,false
id-00023,false
id-00024,true
id-00025,true
id-00026,false
id-00027,true
id-00028,false
id-00029,true
id-00030,true
id-00031,false
id-00032,true
id-00033,true
id-00034,false
id-00035,true
id-00036,false
id-00037,false
id-00038,false
id-00039,false
id-00040,true
id-00041,false
id-00042,true
id-00043,true
id-00044,false
id-00045,false
id-00046,true
id-00047,false
id-00048,false
id-00049,false
id-00050,false
id-00051,false
id-00052,false
id-00053,false
id-00054,false
id-00055,true
id-00056,true
id-00057,true
id-00058,false
id-00059,false
id-00060,false
id-00061,false
id-00062,false
id-00063,false
id-00064,false
id-00065,true
id-00066,false
id-00067,false
id-00068,false
id-00069,false
id-00070,false
id-00071,false
id-00072,false
id-00073,false
id-00074,false
id-00075,false
id-00076,true
id-00077,false
id-00078,false
id-00079,false
id-00080,false
id-00081,false
id-00082,true
id-00083,false
id-00084,false
id-00085,false
id-00086,false
id-00087,false
id-00088,true
id-00089,false
id-00090,false
id-00091,true
id-00092,false
id-00093,false
id-00094,false
id-00095,true
id-00096,true
id-00097,false
id-00098,true
id-00099,false
id-00100,false
id-00101,true
id-00102,true
id-00103,true
id-00104,false
id-00105,true
id-00106,false
id-00107,false
id-00108,false
id-00109,false
id-00110,false
id-00111,true
id-00112,false
id-00113,false
id-00114,false
id-00115,true
id-00116,true
id-00117,false
id-00118,true
id-00119,false
id-00120,false
id-00121,false
id-00122,true
id-00123,true
id-00124,false
id-00125,false
id-00126,true
id-00127,true
id-00128,true
id-00129,false
id-00130,false
id-00131,true
id-00132,false
id-00133,true
id-00134,true
id-00135,true
id-00136,false
id-00137,false
id-00138,false
id-00139,false
id-00140,false
id-00141,false
id-00142,true
id-00143,true
id-00144,false
id-00145,true
id-00146,false
id-00147,false
id-00148,true
id-00149,false
id-00150,false
id-00151,true
id-00152,false
id-00153,true
id-00154,true
id-00155,false
id-00156,false
id-00157,true
id-00158,false
id-00159,false
id-00160,false
id-00161,false
id-00162,false
id-00163,true
id-00164,true
id-00165,false
id-00166,false
id-00167,false
id-00168,false
id-00169,true
id-00170,false
id-00171,false
id-00172,true
id-00173,false
id-00174,false
id-00175,false
id-00176,true
id-00177,false
id-00178,false
id-00179,false
id-00180,false
id-00181,false
id-00182,false
id-00183,true
id-00184,false
id-00185,true
id-00186,false
id-00187,false
id-00188,false
id-00189,true
id-00190,true
id-00191,false
id-00192,false
id-00193,true
id-00194,false
id-00195,true
id-00196,false
id-00197,false
id-00198,false
id-00199,false
id-00200,false
id-00201,false
id-00202,false
id-00203,false
id-00204,false
id-00205,false
id-00206,true
id-00207,false
id-00208,false
id-00209,false
id-00210,true
id-00211,false
id-00212,false
id-00213,false
id-00214,true
id-00215,true
id-00216,false
id-00217,true
id-00218,false
id-00219,false
id-00220,true
id-00221,true
id-00222,true
id-00223,true
id-00224,false
id-00225,false
id-00226,true
id-00227,true
id-00228,false
id-00229,true
id-00230,false
id-00231,true
id-00232,false
id-00233,true
id-00234,false
id-00235,true
id-00236,false
id-00237,false
id-00238,true
id-00239,false
id-00240,true
id-00241,true
id-00242,false
id-00243,false
id-00244,false
id-00245,false
id-00246,false
id-00247,true
id-00248,false
id-00249,false
id-00250,false
id-00251,false
id-00252,false
id-00253,true
id-00254,true
id-00255,true
id-00256,false
id-00257,false
id-00258,false
id-00259,false
id-00260,true
id-00261,false
id-00262,true
id-00263,false
id-00264,false
id-00265,false
id-00266,false
id-00267,false
id-00268,false
id-00269,false
id-00270,false
id-00271,true
id-00272,false
id-00273,false
id-00274,false
id-00275,false
id-00276,true
id-00277,true
id-00278,false
id-00279,false
id-00280,false
id-00281,true
id-00282,false
id-00283,true
id-00284,true
id-00285,false
id-00286,false
id-00287,true
id-00288,false
id-00289,false
id-00290,false
id-00291,true
id-00292,false
id-00293,false
id-00294,true
id-00295,true
id-00296,false
id-00297,false
id-00298,false
id-00299,true
id-00300,false
id-00301,true
id-00302,false
id-00303,false
id-00304,false
id-00305,false
id-00306,false
id-00307,false
id-00308,true
id-00309,true
id-00310,false
id-00311,false
id-00312,false
id-00313,false
id-00314,true
id-00315,true
id-00316,true
id-00317,false
id-00318,false
id-00319,true
id-00320,true
id-00321,true
id-00322,false
id-00323,false
id-00324,true
id-00325,false
id-00326,false
id-00327,false
id-00328,true
id-00329,true
id-00330,true
id-00331,false
id-00332,false
id-00333,false
id-00334,false
id-00335,true
id-00336,false
id-00337,true
id-00338,false
id-00339,true
id-00340,true
id-00341,true
id-00342,true
id-00343,false
id-00344,false
id-00345,false
id-00346,true
id-00347,false
id-00348,false
id-00349,true
id-00350,false
id-00351,true
id-00352,false
id-00353,true
id-00354,true
id-00355,false
id-00356,false
id-00357,false
id-00358,false
id-00359,false
id-00360,true
id-00361,true
id-00362,false
id-00363,false
id-00364,false
id-00365,true
id-00366,false
id-00367,true
id-00368,true
id-00369,true
id-00370,false
id-00371,true
id-00372,true
id-00373,true
id-00374,false
id-00375,false
id-00376,false
id-00377,false
id-00378,false
id-00379,true
id-00380,false
id-00381,false
id-00382,true
id-00383,true
id-00384,false
id-00385,true
id-00386,true
id-00387,false
id-00388,true
id-00389,false
id-00390,true
id-00391,false
id-00392,false
id-00393,false
id-00394,true
id-00395,false
id-00396,false
id-00397,true
id-00398,false
id-00399,false
id-00400,false
id-00401,true
id-00402,true
id-00403,true
id-00404,false
id-00405,false
id-00406,false
id-00407,true
id-00408,false
id-00409,true
id-00410,false
id-00411,false
id-00412,false
id-00413,false
id-00414,true
id-00415,true
id-00416,true
id-00417,true
id-00418,false
id-00419,true
id-00420,false
id-00421,true
id-00422,false
id-00423,true
id-00424,true
id-00425,false
id-00426,true
id-00427,false
id-00428,false
id-00429,true
id-00430,false
id-00431,false
id-00432,true
id-00433,false
id-00434,true
id-00435,false
id-00436,false
id-00437,false
id-00438,false
id-00439,false
id-00440,false
id-00441,false
id-00442,false
id-00443,true
id-00444,false
id-00445,false
id-00446,false
id-00447,false
id-00448,true
id-00449,true
id-00450,true
id-00451,false
id-00452,false
id-00453,false
id-00454,true
id-00455,false
id-00456,true
id-00457,false
id-00458,false
id-00459,false
id-00460,false
id-00461,false
id-00462,false
id-00463,false
id-00464,false
id-00465,true
id-00466,true
id-00467,true
id-00468,false
id-00469,false
id-00470,true
id-00471,true
id-00472,false
id-00473,false
id-00474,true
id-00475,false
id-00476,true
id-00477,true
id-00478,false
id-00479,false
id-00480,true
id-00481,true
id-00482,true
id-00483,true
id-00484,true
id-00485,true
id-00486,true
id-00487,true
id-00488,false
id-00489,false
id-00490,false
id-00491,true
id-00492,false
id-00493,false
id-00494,true
id-00495,false
id-00496,true
id-00497,true
id-00498,false
id-00499,false
id-00500,true
id-00501,false
id-00502,false
id-00503,false
id-00504,true
id-00505,true
id-00506,true
id-00507,false
id-00508,true
id-00509,false
id-00510,false
id-00511,true
id-00512,false
id-00513,false
id-00514,true
id-00515,false
id-00516,false
id-00517,true
id-00518,true
id-00519,false
id-00520,false
id-00521,false
id-00522,false
id-00523,false
id-00524,true
id-00525,true
id-00526,false
id-00527,true
id-00528,false
id-00529,true
id-00530,false
id-00531,true
id-00532,false
id-00533,false
id-00534,false
id-00535,false
id-00536,false
id-00537,false
id-00538,true
id-00539,true
id-00540,false
id-00541,false
id-00542,false
id-00543,true
id-00544,false
id-00545,false
id-00546,true
id-00547,false
id-00548,false
id-00549,false
id-00550,true
id-00551,false
id-00552,false
id-00553,true
id-00554,false
id-00555,false
id-00556,true
id-00557,false
id-00558,false
id-00559,false
id-00560,false
id-00561,false
id-00562,false
id-00563,false
id-00564,true
id-00565,false
id-00566,false
id-00567,false
id-00568,true
id-00569,false
id-00570,false
id-00571,false
id-00572,true
id-00573,false
id-00574,false
id-00575,false
id-00576,false
id-00577,true
id-00578,false
id-00579,true
id-00580,false
id-00581,false
id-00582,false
id-00583,false
id-00584,false
id-00585,true
id-00586,true
id-00587,false
id-00588,false
id-00589,true
id-00590,true
id-00591,false
id-00592,true
id-00593,false
id-00594,true
id-00595,true
id-00596,true
id-00597,false
id-00598,true
id-00599,true
id-00600,true
id-00601,false
id-00602,false
id-00603,true
id-00604,true
id-00605,false
id-00606,true
id-00607,false
id-00608,true
id-00609,false
id-00610,false
id-00611,false
id-00612,false
id-00613,false
id-00614,true
id-00615,false
id-00616,false
id-00617,false
id-00618,false
id-00619,false
id-00620,false
id-00621,true
id-00622,false
id-00623,true
id-00624,false
id-00625,true
id-00626,true
id-00627,false
id-00628,false
id-00629,false
id-00630,false
id-00631,false
id-00632,false
id-00633,false
id-00634,false
id-00635,false
id-00636,false
id-00637,false
id-00638,true
id-00639,false
id-00640,false
id-00641,false
id-00642,true
id-00643,false
id-00644,false
id-00645,false
id-00646,true
id-00647,true
id-00648,false
id-00649,true
id-00650,true
id-00651,false
id-00652,true
id-00653,false
id-00654,true
id-00655,true
id-00656,false
id-00657,true
id-00658,true
id-00659,true
id-00660,false
id-00661,false
id-00662,true
id-00663,true
id-00664,true
id-00665,true
id-00666,true
id-00667,false
id-00668,true
id-00669,false
id-00670,false
id-00671,false
id-00672,true
id-00673,false
id-00674,false
id-00675,false
id-00676,true
id-00677,false
id-00678,false
id-00679,true
id-00680,true
id-00681,true
id-00682,false
id-00683,true
id-00684,true
id-00685,false
id-00686,true
id-00687,true
id-00688,true
id-00689,true
id-00690,false
id-00691,true
id-00692,false
id-00693,false
id-00694,false
id-00695,true
id-00696,true
id-00697,false
id-00698,false
id-00699,false
id-00700,false
id-00701,false
id-00702,true
id-00703,false
id-00704,false
id-00705,false
id-00706,false
id-00707,true
id-00708,false
id-00709,false
id-00710,true
id-00711,false
id-00712,false
id-00713,false
id-00714,true
id-00715,true
id-00716,false
id-00717,false
id-00718,true
id-00719,true
id-00720,true
id-00721,false
id-00722,true
id-00723,false
id-00724,false
id-00725,false
id-00726,true
id-00727,false
id-00728,false
id-00729,false
id-00730,false
id-00731,true
id-00732,true
id-00733,true
id-00734,true
id-00735,true
id-00736,true
id-00737,false
id-00738,true
id-00739,false
id-00740,false
id-00741,false
id-00742,true
id-00743,false
id-00744,false
id-00745,true
id-00746,true
id-00747,false
id-00748,true
id-00749,false
id-00750,false
id-00751,true
id-00752,false
id-00753,true
id-00754,true
id-00755,true
id-00756,true
id-00757,true
id-00758,false
id-00759,false
id-00760,true
id-00761,false
id-00762,false
id-00763,false
id-00764,false
id-00765,false
id-00766,true
id-00767,false
id-00768,true
id-00769,true
id-00770,true
id-00771,false
id-00772,true
id-00773,false
id-00774,false
id-00775,false
id-00776,true
id-00777,false
id-00778,true
id-00779,true
id-00780,false
id-00781,false
id-00782,false
id-00783,true
id-00784,false
id-00785,true
id-00786,true
id-00787,true
id-00788,false
id-00789,false
id-00790,false
id-00791,false
id-00792,false
id-00793,true
id-00794,true
id-00795,false
id-00796,true
id-00797,false
id-00798,false
id-00799,false
id-00800,false
id-00801,true
id-00802,false
id-00803,false
id-00804,false
id-00805,true
id-00806,true
id-00807,false
id-00808,false
id-00809,false
id-00810,true
id-00811,false
id-00812,false
id-00813,false
id-00814,true
id-00815,false
id-00816,true
id-00817,true
id-00818,false
id-00819,true
id-00820,false
id-00821,true
id-00822,false
id-00823,false
id-00824,true
id-00825,false
id-00826,false
id-00827,true
id-00828,false
id-00829,false
id-00830,true
id-00831,false
id-00832,false
id-00833,false
id-00834,false
id-00835,true
id-00836,true
id-00837,true
id-00838,true
id-00839,false
id-00840,true
id-00841,false
id-00842,false
id-00843,false
id-00844,false
id-00845,true
id-00846,false
id-00847,true
id-00848,false
id-00849,true
id-00850,false
id-00851,false
id-00852,false
id-00853,true
id-00854,true
id-00855,true
id-00856,true
id-00857,false
id-00858,true
id-00859,false
id-00860,true
id-00861,false
id-00862,false
id-00863,false
id-00864,false
id-00865,false
id-00866,false
id-00867,false
id-00868,false
id-00869,true
id-00870,false
id-00871,false
id-00872,false
id-00873,true
id-00874,false
id-00875,false
id-00876,false
id-00877,true
id-00878,false
id-00879,false
id-00880,false
id-00881,false
id-00882,false
id-00883,false
id-00884,false
id-00885,false
id-00886,true
id-00887,false
id-00888,false
id-00889,false
id-00890,false
id-00891,false
id-00892,true
id-00893,false
id-00894,false
id-00895,false
id-00896,false
id-00897,false
id-00898,true
id-00899,false
id-00900,false
id-00901,true
id-00902,false
id-00903,false
id-00904,true
id-00905,false
id-00906,true
id-00907,false
id-00908,false
id-00909,false
id-00910,false
id-00911,true
id-00912,false
id-00913,false
id-00914,false
id-00915,false
id-00916,false
id-00917,false
id-00918,true
id-00919,true
id-00920,false
id-00921,false
id-00922,false
id-00923,false
id-00924,false
id-00925,false
id-00926,false
id-00927,true
id-00928,false
id-00929,true
id-00930,false
id-00931,false
id-00932,false
id-00933,false
id-00934,false
id-00935,false
id-00936,true
id-00937,false
id-00938,false
id-00939,true
id-00940,true
id-00941,false
id-00942,false
id-00943,false
id-00944,true
id-00945,false
id-00946,true
id-00947,true
id-00948,false
id-00949,false
id-00950,false
id-00951,false
id-00952,true
id-00953,false
id-00954,false
id-00955,false
id-00956,false
id-00957,false
id-00958,true
id-00959,true
id-00960,false
id-00961,true
id-00962,true
id-00963,false
id-00964,false
id-00965,false
id-00966,false
id-00967,true
id-00968,false
id-00969,false
id-00970,false
id-00971,true
id-00972,true
id-00973,false
id-00974,true
id-00975,false
id-00976,false
id-00977,false
id-00978,false
id-00979,false
id-00980,false
id-00981,true
id-00982,true
id-00983,true
id-00984,false
id-00985,false
id-00986,false
id-00987,false
id-00988,false
id-00989,true
id-00990,false
id-00991,false
id-00992,false
id-00993,false
id-00994,false
id-00995,false
id-00996,true
id-00997,false
id-00998,true
id-00999,true
id-01000,false
id-01001,true
id-01002,false
id-01003,false
id-01004,false
id-01005,false
id-01006,false
id-01007,true
id-01008,true
id-01009,false
id-01010,true
id-01011,true
id-01012,false
id-01013,false
id-01014,false
id-01015,false
id-01016,false
id-01017,true
id-01018,true
id-01019,false
id-01020,true
id-01021,false
id-01022,false
id-01023,false
id-01024,true
id-01025,true
id-01026,false
id-01027,true
id-01028,false
id-01029,false
id-01030,false
id-01031,false
id-01032,true
id-01033,true
id-01034,false
id-01035,false
id-01036,false
id-01037,true
id-01038,true
id-01039,false
id-01040,false
id-01041,true
id-01042,true
id-01043,false
id-01044,true
id-01045,true
id-01046,false
id-01047,false
id-01048,false
id-01049,true
id-01050,false
id-01051,true
id-01052,false
id-01053,false
id-01054,false
id-01055,false
id-01056,false
id-01057,false
id-01058,false
id-01059,true
id-01060,false
id-01061,false
id-01062,true
id-01063,true
id-01064,false
id-01065,true
id-01066,true
id-01067,true
id-01068,false
id-01069,false
id-01070,true
id-01071,false
id-01072,true
id-01073,true
id-01074,true
id-01075,true
id-01076,false
id-01077,true
id-01078,false
id-01079,true
id-01080,false
id-01081,true
id-01082,false
id-01083,true
id-01084,false
id-01085,true
id-01086,false
id-01087,false
id-01088,true
id-01089,false
id-01090,false
id-01091,true
id-01092,true
id-01093,false
id-01094,false
id-01095,true
id-01096,true
id-01097,true
id-01098,true
id-01099,false
id-01100,true
id-01101,false
id-01102,true
id-01103,false
id-01104,false
id-01105,false
id-01106,false
id-01107,true
id-01108,false
id-01109,false
id-01110,false
id-01111,false
id-01112,false
id-01113,false
id-01114,true
id-01115,true
id-01116,false
id-01117,false
id-01118,true
id-01119,false
id-01120,false
id-01121,false
id-01122,true
id-01123,true
id-01124,false
id-01125,true
id-01126,false
id-01127,false
id-01128,true
id-01129,true
id-01130,false
id-01131,false
id-01132,true
id-01133,false
id-01134,false
id-01135,false
id-01136,true
id-01137,false
id-01138,true
id-01139,false
id-01140,true
id-01141,false
id-01142,false
id-01143,true
id-01144,true
id-01145,true
id-01146,true
id-01147,true
id-01148,true
id-01149,false
id-01150,false
id-01151,true
id-01152,false
id-01153,false
id-01154,true
id-01155,true
id-01156,false
id-01157,false
id-01158,true
id-01159,false
id-01160,true
id-01161,true
id-01162,false
id-01163,false
id-01164,false
id-01165,false
id-01166,false
id-01167,false
id-01168,false
id-01169,true
id-01170,false
id-01171,true
id-01172,false
id-01173,true
id-01174,true
id-01175,false
id-01176,false
id-01177,false
id-01178,false
id-01179,true
id-01180,false
id-01181,true
id-01182,false
id-01183,true
id-01184,false
id-01185,false
id-01186,true
id-01187,false
id-01188,true
id-01189,false
id-01190,true
id-01191,true
id-01192,false
id-01193,false
id-01194,true
id-01195,false
id-01196,true
id-01197,true
id-01198,true
id-01199,true
id-01200,true
id-01201,false
id-01202,true
id-01203,true
id-01204,false
id-01205,true
id-01206,true
id-01207,true
id-01208,false
id-01209,false
id-01210,true
id-01211,true
id-01212,false
id-01213,false
id-01214,false
id-01215,false
id-01216,true
id-01217,true
id-01218,false
id-01219,true
id-01220,false
id-01221,true
id-01222,true
id-01223,true
id-01224,true
id-01225,false
id-01226,true
id-01227,false
id-01228,true
id-01229,true
id-01230,false
id-01231,true
id-01232,false
id-01233,false
id-01234,true
id-01235,false
id-01236,false
id-01237,false
id-01238,false
id-01239,false
id-01240,false
id-01241,false
id-01242,true
id-01243,true
id-01244,true
id-01245,false
id-01246,false
id-01247,false
id-01248,false
id-01249,true
id-01250,false
id-01251,true
id-01252,false
id-01253,false
id-01254,false
id-01255,false
id-01256,true
id-01257,false
id-01258,true
id-01259,false
id-01260,false
id-01261,false
id-01262,false
id-01263,false
id-01264,false
id-01265,false
id-01266,false
id-01267,false
id-01268,false
id-01269,true
id-01270,true
id-01271,true
id-01272,false
id-01273,false
id-01274,true
id-01275,true
id-01276,true
id-01277,false
id-01278,false
id-01279,false
id-01280,false
id-01281,false
id-01282,false
id-01283,true
id-01284,false
id-01285,false
id-01286,false
id-01287,false
id-01288,false
id-01289,false
id-01290,true
id-01291,false
id-01292,true
id-01293,true
id-01294,true
id-01295,false
id-01296,false
id-01297,false
id-01298,false
id-01299,false
id-01300,false
id-01301,false
id-01302,false
id-01303,false
id-01304,false
id-01305,true
id-01306,true
id-01307,false
id-01308,false
id-01309,false
id-01310,false
id-01311,false
id-01312,false
id-01313,false
id-01314,true
id-01315,true
id-01316,true
id-01317,false
id-01318,true
id-01319,true
id-01320,true
id-01321,true
id-01322,true
id-01323,true
id-01324,true
id-01325,false
id-01326,true
id-01327,false
id-01328,false
id-01329,false
id-01330,true
id-01331,false
id-01332,false
id-01333,false
id-01334,true
id-01335,true
id-01336,false
id-01337,false
id-01338,false
id-01339,false
id-01340,true
id-01341,false
id-01342,true
id-01343,true
id-01344,true
id-01345,false
id-01346,false
id-01347,false
id-01348,true
id-01349,true
id-01350,false
id-01351,false
id-01352,true
id-01353,false
id-01354,false
id-01355,false
id-01356,false
id-01357,false
id-01358,false
id-01359,true
id-01360,true
id-01361,false
id-01362,false
id-01363,false
id-01364,false
id-01365,false
id-01366,false
id-01367,false
id-01368,true
id-01369,true
id-01370,false
id-01371,true
id-01372,false
id-01373,false
id-01374,true
id-01375,false
id-01376,true
id-01377,false
id-01378,true
id-01379,false
id-01380,false
id-01381,false
id-01382,true
id-01383,true
id-01384,false
id-01385,true
id-01386,true
id-01387,false
id-01388,false
id-01389,true
id-01390,false
id-01391,true
id-01392,true
id-01393,true
id-01394,false
id-01395,false
id-01396,false
id-01397,false
id-01398,true
id-01399,true
id-01400,true
id-01401,true
id-01402,true
id-01403,false
id-01404,false
id-01405,false
id-01406,false
id-01407,false
id-01408,false
id-01409,false
id-01410,true
id-01411,true
id-01412,false
id-01413,false
id-01414,true
id-01415,false
id-01416,false
id-01417,true
id-01418,false
id-01419,false
id-01420,true
id-01421,false
id-01422,true
id-01423,false
id-01424,false
id-01425,true
id-01426,false
id-01427,true
id-01428,false
id-01429,true
id-01430,false
id-01431,false
id-01432,false
id-01433,false
id-01434,false
id-01435,false
id-01436,true
id-01437,false
id-01438,false
id-01439,true
id-01440,false
id-01441,true
id-01442,true
id-01443,false
id-01444,true
id-01445,true
id-01446,false
id-01447,false
id-01448,true
id-01449,true
id-01450,false
id-01451,false
id-01452,false
id-01453,false
id-01454,true
id-01455,true
id-01456,true
id-01457,false
id-01458,true
id-01459,false
id-01460,false
id-01461,true
id-01462,false
id-01463,false
id-01464,false
id-01465,true
id-01466,false
id-01467,true
id-01468,true
id-01469,true
id-01470,false
id-01471,true
id-01472,false
id-01473,true
id-01474,true
id-01475,false
id-01476,false
id-01477,true
id-01478,false
id-01479,false
id-01480,false
id-01481,true
id-01482,true
id-01483,false
id-01484,true
id-01485,false
id-01486,false
id-01487,false
id-01488,true
id-01489,false
id-01490,false
id-01491,true
id-01492,false
id-01493,false
id-01494,false
id-01495,false
id-01496,true
id-01497,true
id-01498,true
id-01499,true
id-01500,false
id-01501,false
id-01502,false
id-01503,false
id-01504,true
id-01505,true
id-01506,false
id-01507,false
id-01508,true
id-01509,false
id-01510,true
id-01511,false
id-01512,true
id-01513,false
id-01514,false
id-01515,false
id-01516,false
id-01517,false
id-01518,true
id-01519,false
id-01520,false
id-01521,true
id-01522,false
id-01523,true
id-01524,false
id-01525,false
id-01526,true
id-01527,true
id-01528,false
id-01529,true
id-01530,false
id-01531,false
id-01532,false
id-01533,false
id-01534,false
id-01535,true
id-01536,false
id-01537,true
id-01538,false
id-01539,false
id-01540,false
id-01541,true
id-01542,false
id-01543,false
id-01544,false
id-01545,false
id-01546,true
id-01547,false
id-01548,true
id-01549,false
id-01550,false
id-01551,true
id-01552,false
id-01553,false
id-01554,false
id-01555,true
id-01556,false
id-01557,false
id-01558,false
id-01559,false
id-01560,false
id-01561,true
id-01562,false
id-01563,false
id-01564,false
id-01565,true
id-01566,false
id-01567,false
id-01568,false
id-01569,false
id-01570,false
id-01571,false
id-01572,false
id-01573,true
id-01574,true
id-01575,true
id-01576,false
id-01577,false
id-01578,true
id-01579,false
id-01580,false
id-01581,false
id-01582,false
id-01583,true
id-01584,true
id-01585,true
id-01586,true
id-01587,true
id-01588,false
id-01589,false
id-01590,false
id-01591,true
id-01592,false
id-01593,false
id-01594,false
id-01595,false
id-01596,true
id-01597,false
id-01598,false
id-01599,false
id-01600,true
id-01601,false
id-01602,false
id-01603,true
id-01604,false
id-01605,false
id-01606,false
id-01607,false
id-01608,true
id-01609,true
id-01610,false
id-01611,false
id-01612,false
id-01613,true
id-01614,false
id-01615,true
id-01616,false
id-01617,false
id-01618,false
id-01619,false
id-01620,false
id-01621,false
id-01622,false
id-01623,false
id-01624,false
id-01625,false
id-01626,false
id-01627,false
id-01628,false
id-01629,false
id-01630,false
id-01631,true
id-01632,true
id-01633,true
id-01634,true
id-01635,false
id-01636,true
id-01637,true
id-01638,true
id-01639,false
id-01640,true
id-01641,false
id-01642,true
id-01643,false
id-01644,false
id-01645,false
id-01646,false
id-01647,false
id-01648,true
id-01649,true
id-01650,true
id-01651,false
id-01652,false
id-01653,true
id-01654,true
id-01655,true
id-01656,true
id-01657,false
id-01658,false
id-01659,true
id-01660,true
id-01661,true
id-01662,false
id-01663,true
id-01664,false
id-01665,false
id-01666,false
id-01667,false
id-01668,false
id-01669,true
id-01670,false
id-01671,true
id-01672,false
id-01673,true
id-01674,true
id-01675,true
id-01676,false
id-01677,false
id-01678,true
id-01679,true
id-01680,false
id-01681,false
id-01682,false
id-01683,true
id-01684,false
id-01685,false
id-01686,true
id-01687,false
id-01688,false
id-01689,false
id-01690,false
id-01691,false
id-01692,false
id-01693,true
id-01694,true
id-01695,false
id-01696,true
id-01697,true
id-01698,true
id-01699,false
id-01700,false
id-01701,false
id-01702,false
id-01703,true
id-01704,false
id-01705,true
id-01706,false
id-01707,false
id-01708,false
id-01709,true
id-01710,false
id-01711,false
id-01712,false
id-01713,true
id-01714,true
id-01715,true
id-01716,true
id-01717,false
id-01718,true
id-01719,true
id-01720,true
id-01721,true
id-01722,true
id-01723,false
id-01724,true
id-01725,true
id-01726,false
id-01727,true
id-01728,false
id-01729,false
id-01730,false
id-01731,false
id-01732,false
id-01733,true
id-01734,false
id-01735,true
id-01736,false
id-01737,false
id-01738,true
id-01739,true
id-01740,true
id-01741,true
id-01742,false
id-01743,false
id-01744,false
id-01745,false
id-01746,false
id-01747,true
id-01748,false
id-01749,false
id-01750,false
id-01751,false
id-01752,true
id-01753,true
id-01754,false
id-01755,false
id-01756,true
id-01757,false
id-01758,false
id-01759,false
id-01760,true
id-01761,false
id-01762,false
id-01763,true
id-01764,false
id-01765,true
id-01766,false
id-01767,true
id-01768,true
id-01769,true
id-01770,false
id-01771,false
id-01772,false
id-01773,false
id-01774,false
id-01775,false
id-01776,true
id-01777,false
id-01778,true
id-01779,false
id-01780,true
id-01781,true
id-01782,false
id-01783,true
id-01784,false
id-01785,false
id-01786,false
id-01787,false
id-01788,false
id-01789,true
id-01790,false
id-01791,false
id-01792,false
id-01793,true
id-01794,true
id-01795,false
id-01796,false
id-01797,false
id-01798,true
id-01799,false
id-01800,true
id-01801,true
id-01802,false
id-01803,false
id-01804,true
id-01805,true
id-01806,false
id-01807,false
id-01808,false
id-01809,false
id-01810,true
id-01811,true
id-01812,true
id-01813,true
id-01814,false
id-01815,false
id-01816,true
id-01817,true
id-01818,false
id-01819,true
id-01820,false
id-01821,false
id-01822,false
id-01823,false
id-01824,true
id-01825,false
id-01826,true
id-01827,false
id-01828,false
id-01829,false
id-01830,true
id-01831,true
id-01832,false
id-01833,false
id-01834,false
id-01835,true
id-01836,false
id-01837,true
id-01838,false
id-01839,false
id-01840,true
id-01841,false
id-01842,false
id-01843,false
id-01844,false
id-01845,false
id-01846,false
id-01847,false
id-01848,false
id-01849,false
id-01850,false
id-01851,true
id-01852,true
id-01853,true
id-01854,false
id-01855,false
id-01856,true
id-01857,true
id-01858,true
id-01859,true
id-01860,true
id-01861,false
id-01862,false
id-01863,true
id-01864,false
id-01865,true
id-01866,false
id-01867,false
id-01868,false
id-01869,false
id-01870,true
id-01871,false
id-01872,true
id-01873,false
id-01874,false
id-01875,true
id-01876,true
id-01877,false
id-01878,false
id-01879,false
id-01880,false
id-01881,true
id-01882,false
id-01883,true
id-01884,true
id-01885,true
id-01886,false
id-01887,true
id-01888,true
id-01889,true
id-01890,false
id-01891,true
id-01892,false
id-01893,true
id-01894,false
id-01895,false
id-01896,true
id-01897,false
id-01898,false
id-01899,false
id-01900,false
id-01901,true
id-01902,false
id-01903,false
id-01904,true
id-01905,false
id-01906,true
id-01907,true
id-01908,true
id-01909,false
id-01910,false
id-01911,false
id-01912,false
id-01913,true
id-01914,false
id-01915,false
id-01916,false
id-01917,false
id-01918,false
id-01919,false
id-01920,true
id-01921,true
id-01922,true
id-01923,false
id-01924,false
id-01925,false
id-01926,false
id-01927,false
id-01928,true
id-01929,true
id-01930,true
id-01931,false
id-01932,false
id-01933,false
id-01934,true
id-01935,true
id-01936,false
id-01937,false
id-01938,true
id-01939,false
id-01940,false
id-01941,false
id-01942,true
id-01943,true
id-01944,true
id-01945,true
id-01946,false
id-01947,false
id-01948,false
id-01949,false
id-01950,true
id-01951,false
id-01952,true
id-01953,false
id-01954,true
id-01955,false
id-01956,false
id-01957,true
id-01958,false
id-01959,false
id-01960,true
id-01961,false
id-01962,true
id-01963,true
id-01964,true
id-01965,true
id-01966,false
id-01967,false
id-01968,false
id-01969,false
id-01970,true
id-01971,true
id-01972,false
id-01973,true
id-01974,false
id-01975,true
id-01976,false
id-01977,false
id-01978,false
id-01979,true
id-01980,false
id-01981,true
id-01982,false
id-01983,false
id-01984,false
id-01985,false
id-01986,true
id-01987,false
id-01988,true
id-01989,false
id-01990,true
id-01991,false
id-01992,false
id-01993,true
id-01994,true
id-01995,false
id-01996,false
id-01997,false
id-01998,false
id-01999,false
